,0
0,SC finds things ‘amiss’ in the Kolkata rape-murder case
1,"Can’t leave manufacturing to China, Rahul tells Indians in US"
2,How construction boom caused sand shortage and crime surge?
3,"Now, Google in the dock for its ad market ‘monopoly’"
4,Can you guess this country?
5,"Mpox outbreak: Centre issues safety advisory to states, UTs"
6,First drunk driving arrest
7,Why high finance regulators like Sebi chief have a special responsibility
8,"Typhoon Yagi leaves dozens dead in Vietnam, pounds infrastructure"
9,You share your b’day with…
